log_path,dataset,seed,n_hid,n_layers,s_layers,lr,difflr,reg,steps,noise_schedule,noise_scale,noise_min,noise_max,reweight,sampling_steps,sampling_noise,eval_only,checkpoint,save_name,model_dir,topk,best_recall,best_ndcg,avg_train_time_s,n_train_epochs_timed,avg_test_time_s,n_test_calls_timed
History\ciao\ablation\no_diffusion\ablation_no_diffusion.console.log,ciao,2023,64,2,2,0.005,0.001,0.01,20,linear-var,1.0,0.0001,0.01,True,0,False,False,./Model/epinions/_tem_.pth,ablation_no_diffusion,Model/ciao/ablation/no_diffusion/,20,0.062887,0.037959,0.2792,150,0.2972,30
History\ciao\ablation\no_reweight\ablation_no_reweight.console.log,ciao,2023,64,2,2,0.005,0.001,0.01,20,linear-var,1.0,0.0001,0.01,False,0,False,,./Model/epinions/_tem_.pth,ablation_no_reweight,Model/ciao/ablation/no_reweight/,20,0.061952,0.034707,0.3106,150,0.3470,30
History\ciao\ablation\no_social\ablation_no_social.console.log,ciao,2023,64,2,0,0.005,0.001,0.01,20,linear-var,1.0,0.0001,0.01,True,0,False,,./Model/epinions/_tem_.pth,ablation_no_social,./Model/ciao/,20,0.056519,0.033342,0.2451,150,0.3199,30
History\ciao\efficiency\n_hid_128\eff_n_hid_128.console.log,ciao,2023,128,2,2,0.005,0.001,0.01,20,linear-var,1.0,0.0001,0.01,True,0,False,False,./Model/epinions/_tem_.pth,eff_n_hid_128,Model/ciao/efficiency/n_hid_128/,20,0.042125,0.028941,0.5504,5,0.3720,1
History\ciao\efficiency\n_hid_256\eff_n_hid_256.console.log,ciao,2023,256,2,2,0.005,0.001,0.01,20,linear-var,1.0,0.0001,0.01,True,0,False,False,./Model/epinions/_tem_.pth,eff_n_hid_256,Model/ciao/efficiency/n_hid_256/,20,0.050783,0.032953,0.5738,5,0.3960,1
History\ciao\efficiency\n_hid_32\eff_n_hid_32.console.log,ciao,2023,32,2,2,0.005,0.001,0.01,20,linear-var,1.0,0.0001,0.01,True,0,False,False,./Model/epinions/_tem_.pth,eff_n_hid_32,Model/ciao/efficiency/n_hid_32/,20,0.033283,0.019297,0.5724,5,0.4190,1
History\ciao\efficiency\n_hid_64\eff_n_hid_64.console.log,ciao,2023,64,2,2,0.005,0.001,0.01,20,linear-var,1.0,0.0001,0.01,True,0,False,False,./Model/epinions/_tem_.pth,eff_n_hid_64,Model/ciao/efficiency/n_hid_64/,20,0.042303,0.025403,0.5608,5,0.3850,1
History\ciao\efficiency\steps_100\eff_steps_100.console.log,ciao,2023,64,2,2,0.005,0.001,0.01,100,linear-var,1.0,0.0001,0.01,True,0,False,False,./Model/epinions/_tem_.pth,eff_steps_100,Model/ciao/efficiency/steps_100/,20,0.040014,0.026387,0.5784,5,0.6310,1
History\ciao\efficiency\steps_10\eff_steps_10.console.log,ciao,2023,64,2,2,0.005,0.001,0.01,10,linear-var,1.0,0.0001,0.01,True,0,False,False,./Model/epinions/_tem_.pth,eff_steps_10,Model/ciao/efficiency/steps_10/,20,0.043979,0.027533,1.2148,5,0.4370,1
History\ciao\efficiency\steps_200\eff_steps_200.console.log,ciao,2023,64,2,2,0.005,0.001,0.01,200,linear-var,1.0,0.0001,0.01,True,0,False,False,./Model/epinions/_tem_.pth,eff_steps_200,Model/ciao/efficiency/steps_200/,20,0.043386,0.027056,0.5626,5,0.8730,1
History\ciao\efficiency\steps_50\eff_steps_50.console.log,ciao,2023,64,2,2,0.005,0.001,0.01,50,linear-var,1.0,0.0001,0.01,True,0,False,False,./Model/epinions/_tem_.pth,eff_steps_50,Model/ciao/efficiency/steps_50/,20,0.042036,0.026047,0.5470,5,0.4560,1
History\ciao\sampling_sweep\steps0_noiseFalse\sampling_sweep_steps0_noiseFalse.console.log,,,,,,,,,,,,,,,,,,,,,,,,,0,4.6569,1
History\ciao\sampling_sweep\steps0_noiseTrue\sampling_sweep_steps0_noiseTrue.console.log,,,,,,,,,,,,,,,,,,,,,,,,,0,3.8566,1
History\ciao\sampling_sweep\steps10_noiseFalse\sampling_sweep_steps10_noiseFalse.console.log,,,,,,,,,,,,,,,,,,,,,,,,,0,1.6030,1
History\ciao\sampling_sweep\steps10_noiseTrue\sampling_sweep_steps10_noiseTrue.console.log,,,,,,,,,,,,,,,,,,,,,,,,,0,1.4880,1
History\ciao\sampling_sweep\steps20_noiseFalse\sampling_sweep_steps20_noiseFalse.console.log,,,,,,,,,,,,,,,,,,,,,,,,,0,1.5730,1
History\ciao\sampling_sweep\steps20_noiseTrue\sampling_sweep_steps20_noiseTrue.console.log,,,,,,,,,,,,,,,,,,,,,,,,,0,1.4742,1
History\ciao\sampling_sweep\steps5_noiseFalse\sampling_sweep_steps5_noiseFalse.console.log,,,,,,,,,,,,,,,,,,,,,,,,,0,1.5450,1
History\ciao\sampling_sweep\steps5_noiseTrue\sampling_sweep_steps5_noiseTrue.console.log,,,,,,,,,,,,,,,,,,,,,,,,,0,1.6220,1
History\ciao\seeds\2023\seed_2023.console.log,ciao,2023,64,2,2,0.005,0.001,0.01,20,linear-var,1.0,0.0001,0.01,True,0,False,,./Model/epinions/_tem_.pth,seed_2023,Model/ciao/seeds/2023/,20,0.071605,0.041102,0.3169,150,0.3276,30
History\ciao\seeds\2024\seed_2024.console.log,ciao,2024,64,2,2,0.005,0.001,0.01,20,linear-var,1.0,0.0001,0.01,True,0,False,,./Model/epinions/_tem_.pth,seed_2024,Model/ciao/seeds/2024/,20,0.066000,0.040362,0.3112,150,0.3279,30
History\ciao\seeds\2025\seed_2025.console.log,ciao,2025,64,2,2,0.005,0.001,0.01,20,linear-var,1.0,0.0001,0.01,True,0,False,,./Model/epinions/_tem_.pth,seed_2025,Model/ciao/seeds/2025/,20,0.067925,0.040720,0.3132,150,0.3223,30
History\ciao\seeds\2026\seed_2026.console.log,ciao,2026,64,2,2,0.005,0.001,0.01,20,linear-var,1.0,0.0001,0.01,True,0,False,,./Model/epinions/_tem_.pth,seed_2026,Model/ciao/seeds/2026/,20,0.068037,0.040343,0.3075,150,0.3193,30
History\ciao\seeds\2027\seed_2027.console.log,ciao,2027,64,2,2,0.005,0.001,0.01,20,linear-var,1.0,0.0001,0.01,True,0,False,,./Model/epinions/_tem_.pth,seed_2027,Model/ciao/seeds/2027/,20,0.067779,0.040653,0.3100,150,0.3186,30
History\ciao\sensitivity\lr\0.0001\sens_lr_0.0001.console.log,ciao,2023,64,2,2,0.0001,0.001,0.01,20,linear-var,1.0,0.0001,0.01,True,0,False,,./Model/epinions/_tem_.pth,sens_lr_0.0001,Model/ciao/sensitivity/lr/0.0001/,20,0.045389,0.025977,0.3130,150,0.3390,30
History\ciao\sensitivity\lr\0.001\sens_lr_0.001.console.log,ciao,2023,64,2,2,0.001,0.001,0.01,20,linear-var,1.0,0.0001,0.01,True,0,False,,./Model/epinions/_tem_.pth,sens_lr_0.001,Model/ciao/sensitivity/lr/0.001/,20,0.057463,0.035984,0.3149,150,0.3267,30
History\ciao\sensitivity\lr\0.005\sens_lr_0.005.console.log,ciao,2023,64,2,2,0.005,0.001,0.01,20,linear-var,1.0,0.0001,0.01,True,0,False,,./Model/epinions/_tem_.pth,sens_lr_0.005,Model/ciao/sensitivity/lr/0.005/,20,0.071772,0.041159,0.3224,150,0.3255,30
History\ciao\sensitivity\n_hid\128\sens_n_hid_128.console.log,ciao,2023,128,2,2,0.005,0.001,0.01,20,linear-var,1.0,0.0001,0.01,True,0,False,,./Model/epinions/_tem_.pth,sens_n_hid_128,Model/ciao/sensitivity/n_hid/128/,20,0.069356,0.043698,0.3183,150,0.3258,30
History\ciao\sensitivity\n_hid\256\sens_n_hid_256.console.log,ciao,2023,256,2,2,0.005,0.001,0.01,20,linear-var,1.0,0.0001,0.01,True,0,False,,./Model/epinions/_tem_.pth,sens_n_hid_256,Model/ciao/sensitivity/n_hid/256/,20,0.072153,0.044549,0.3181,150,0.3355,30
History\ciao\sensitivity\n_hid\32\sens_n_hid_32.console.log,ciao,2023,32,2,2,0.005,0.001,0.01,20,linear-var,1.0,0.0001,0.01,True,0,False,,./Model/epinions/_tem_.pth,sens_n_hid_32,Model/ciao/sensitivity/n_hid/32/,20,0.060803,0.036124,0.3217,150,0.3315,30
History\ciao\sensitivity\n_hid\64\sens_n_hid_64.console.log,ciao,2023,64,2,2,0.005,0.001,0.01,20,linear-var,1.0,0.0001,0.01,True,0,False,,./Model/epinions/_tem_.pth,sens_n_hid_64,Model/ciao/sensitivity/n_hid/64/,20,0.072387,0.041080,0.3219,150,0.3385,30
History\ciao\sensitivity\noise_scale\0.01\sens_noise_scale_0.01.console.log,ciao,2023,64,2,2,0.005,0.001,0.01,20,linear-var,0.01,0.0001,0.01,True,0,False,,./Model/epinions/_tem_.pth,sens_noise_scale_0.01,Model/ciao/sensitivity/noise_scale/0.01/,20,0.063916,0.037253,0.3138,150,0.3268,30
History\ciao\sensitivity\noise_scale\0.05\sens_noise_scale_0.05.console.log,ciao,2023,64,2,2,0.005,0.001,0.01,20,linear-var,0.05,0.0001,0.01,True,0,False,,./Model/epinions/_tem_.pth,sens_noise_scale_0.05,Model/ciao/sensitivity/noise_scale/0.05/,20,0.067443,0.038915,0.3152,150,0.3280,30
History\ciao\sensitivity\noise_scale\0.1\sens_noise_scale_0.1.console.log,ciao,2023,64,2,2,0.005,0.001,0.01,20,linear-var,0.1,0.0001,0.01,True,0,False,,./Model/epinions/_tem_.pth,sens_noise_scale_0.1,Model/ciao/sensitivity/noise_scale/0.1/,20,0.069131,0.038949,0.3147,150,0.3293,30
History\ciao\sensitivity\noise_scale\0.2\sens_noise_scale_0.2.console.log,ciao,2023,64,2,2,0.005,0.001,0.01,20,linear-var,0.2,0.0001,0.01,True,0,False,,./Model/epinions/_tem_.pth,sens_noise_scale_0.2,Model/ciao/sensitivity/noise_scale/0.2/,20,0.069356,0.039587,0.3145,150,0.3323,30
History\ciao\sensitivity\s_layers\1\sens_s_layers_1.console.log,ciao,2023,64,2,1,0.005,0.001,0.01,20,linear-var,1.0,0.0001,0.01,True,0,False,,./Model/epinions/_tem_.pth,sens_s_layers_1,Model/ciao/sensitivity/s_layers/1/,20,0.060225,0.036224,0.2870,150,0.3274,30
History\ciao\sensitivity\s_layers\2\sens_s_layers_2.console.log,ciao,2023,64,2,2,0.005,0.001,0.01,20,linear-var,1.0,0.0001,0.01,True,0,False,,./Model/epinions/_tem_.pth,sens_s_layers_2,Model/ciao/sensitivity/s_layers/2/,20,0.071883,0.040960,0.3155,150,0.3301,30
History\ciao\sensitivity\s_layers\3\sens_s_layers_3.console.log,ciao,2023,64,2,3,0.005,0.001,0.01,20,linear-var,1.0,0.0001,0.01,True,0,False,,./Model/epinions/_tem_.pth,sens_s_layers_3,Model/ciao/sensitivity/s_layers/3/,20,0.065717,0.040301,0.3373,150,0.3286,30
History\ciao\sensitivity\steps\100\sens_steps_100.console.log,ciao,2023,64,2,2,0.005,0.001,0.01,100,linear-var,1.0,0.0001,0.01,True,0,False,,./Model/epinions/_tem_.pth,sens_steps_100,Model/ciao/sensitivity/steps/100/,20,0.066931,0.039400,0.3107,150,0.5014,30
History\ciao\sensitivity\steps\10\sens_steps_10.console.log,ciao,2023,64,2,2,0.005,0.001,0.01,10,linear-var,1.0,0.0001,0.01,True,0,False,,./Model/epinions/_tem_.pth,sens_steps_10,Model/ciao/sensitivity/steps/10/,20,0.066960,0.039425,0.3172,150,0.3043,30
History\ciao\sensitivity\steps\200\sens_steps_200.console.log,ciao,2023,64,2,2,0.005,0.001,0.01,200,linear-var,1.0,0.0001,0.01,True,0,False,,./Model/epinions/_tem_.pth,sens_steps_200,Model/ciao/sensitivity/steps/200/,20,0.062299,0.038316,0.3186,150,0.7154,30
History\ciao\sensitivity\steps\50\sens_steps_50.console.log,ciao,2023,64,2,2,0.005,0.001,0.01,50,linear-var,1.0,0.0001,0.01,True,0,False,,./Model/epinions/_tem_.pth,sens_steps_50,Model/ciao/sensitivity/steps/50/,20,0.068508,0.039571,0.3224,150,0.3954,30
History\epinions\ablation\no_diffusion\ablation_no_diffusion.console.log,epinions,2023,64,2,2,0.001,0.001,0.0001,200,linear-var,0.1,0.0001,0.01,True,0,False,,./Model/epinions/_tem_.pth,ablation_no_diffusion,Model/epinions/ablation/no_diffusion/,20,0.038842,0.028287,4.7168,150,56.1970,30
History\epinions\ablation\no_reweight\ablation_no_reweight.console.log,epinions,2023,64,2,2,0.001,0.001,0.0001,200,linear-var,0.1,0.0001,0.01,False,0,False,,./Model/epinions/_tem_.pth,ablation_no_reweight,Model/epinions/ablation/no_reweight/,20,0.043129,0.031358,9.0437,150,94.9839,30
History\epinions\ablation\no_social\ablation_no_social.console.log,epinions,2023,64,2,0,0.001,0.001,0.0001,200,linear-var,0.1,0.0001,0.01,True,0,False,,./Model/epinions/_tem_.pth,ablation_no_social,./Model/epinions/,20,0.045212,0.032784,7.4544,150,79.3091,30
History\epinions\efficiency\n_hid_128\eff_n_hid_128.console.log,epinions,2023,128,2,2,0.001,0.001,0.0001,200,linear-var,0.1,0.0001,0.01,True,0,False,False,./Model/epinions/_tem_.pth,eff_n_hid_128,Model/epinions/efficiency/n_hid_128/,20,0.027638,0.020606,7.7101,5,61.4893,1
History\epinions\efficiency\n_hid_256\eff_n_hid_256.console.log,epinions,2023,256,2,2,0.001,0.001,0.0001,200,linear-var,0.1,0.0001,0.01,True,0,False,False,./Model/epinions/_tem_.pth,eff_n_hid_256,Model/epinions/efficiency/n_hid_256/,20,0.031833,0.023123,15.3987,5,116.5879,1
History\epinions\efficiency\n_hid_32\eff_n_hid_32.console.log,epinions,2023,32,2,2,0.001,0.001,0.0001,200,linear-var,0.1,0.0001,0.01,True,0,False,False,./Model/epinions/_tem_.pth,eff_n_hid_32,Model/epinions/efficiency/n_hid_32/,20,0.013321,0.009301,3.8439,5,56.6304,1
History\epinions\efficiency\n_hid_64\eff_n_hid_64.console.log,epinions,2023,64,2,2,0.001,0.001,0.0001,200,linear-var,0.1,0.0001,0.01,True,0,False,False,./Model/epinions/_tem_.pth,eff_n_hid_64,Model/epinions/efficiency/n_hid_64/,20,0.019407,0.013805,4.9488,5,61.0938,1
History\epinions\efficiency\steps_100\eff_steps_100.console.log,epinions,2023,64,2,2,0.001,0.001,0.0001,100,linear-var,0.1,0.0001,0.01,True,0,False,False,./Model/epinions/_tem_.pth,eff_steps_100,Model/epinions/efficiency/steps_100/,20,0.017541,0.012295,4.9608,5,57.5379,1
History\epinions\efficiency\steps_10\eff_steps_10.console.log,epinions,2023,64,2,2,0.001,0.001,0.0001,10,linear-var,0.1,0.0001,0.01,True,0,False,False,./Model/epinions/_tem_.pth,eff_steps_10,Model/epinions/efficiency/steps_10/,20,0.014715,0.010089,4.8393,5,61.9758,1
History\epinions\efficiency\steps_200\eff_steps_200.console.log,epinions,2023,64,2,2,0.001,0.001,0.0001,200,linear-var,0.1,0.0001,0.01,True,0,False,False,./Model/epinions/_tem_.pth,eff_steps_200,Model/epinions/efficiency/steps_200/,20,0.019300,0.013761,4.9170,5,63.1312,1
History\epinions\efficiency\steps_50\eff_steps_50.console.log,epinions,2023,64,2,2,0.001,0.001,0.0001,50,linear-var,0.1,0.0001,0.01,True,0,False,False,./Model/epinions/_tem_.pth,eff_steps_50,Model/epinions/efficiency/steps_50/,20,0.016753,0.011791,5.4772,5,59.0956,1
History\epinions\sampling_sweep\steps0_noiseFalse\sampling_sweep_steps0_noiseFalse.console.log,,,,,,,,,,,,,,,,,,,,,,,,,0,67.2135,1
History\epinions\sampling_sweep\steps0_noiseTrue\sampling_sweep_steps0_noiseTrue.console.log,,,,,,,,,,,,,,,,,,,,,,,,,0,67.5597,1
History\epinions\sampling_sweep\steps100_noiseFalse\sampling_sweep_steps100_noiseFalse.console.log,,,,,,,,,,,,,,,,,,,,,,,,,0,59.8440,1
History\epinions\sampling_sweep\steps100_noiseTrue\sampling_sweep_steps100_noiseTrue.console.log,,,,,,,,,,,,,,,,,,,,,,,,,0,60.4533,1
History\epinions\sampling_sweep\steps10_noiseFalse\sampling_sweep_steps10_noiseFalse.console.log,,,,,,,,,,,,,,,,,,,,,,,,,0,67.7048,1
History\epinions\sampling_sweep\steps10_noiseTrue\sampling_sweep_steps10_noiseTrue.console.log,,,,,,,,,,,,,,,,,,,,,,,,,0,79.9469,1
History\epinions\sampling_sweep\steps200_noiseFalse\sampling_sweep_steps200_noiseFalse.console.log,,,,,,,,,,,,,,,,,,,,,,,,,0,63.9685,1
History\epinions\sampling_sweep\steps200_noiseTrue\sampling_sweep_steps200_noiseTrue.console.log,,,,,,,,,,,,,,,,,,,,,,,,,0,75.9996,1
History\epinions\sampling_sweep\steps20_noiseFalse\sampling_sweep_steps20_noiseFalse.console.log,,,,,,,,,,,,,,,,,,,,,,,,,0,73.3691,1
History\epinions\sampling_sweep\steps20_noiseTrue\sampling_sweep_steps20_noiseTrue.console.log,,,,,,,,,,,,,,,,,,,,,,,,,0,66.2765,1
History\epinions\sampling_sweep\steps50_noiseFalse\sampling_sweep_steps50_noiseFalse.console.log,,,,,,,,,,,,,,,,,,,,,,,,,0,59.3150,1
History\epinions\sampling_sweep\steps50_noiseTrue\sampling_sweep_steps50_noiseTrue.console.log,,,,,,,,,,,,,,,,,,,,,,,,,0,61.0404,1
History\epinions\sampling_sweep\steps5_noiseFalse\sampling_sweep_steps5_noiseFalse.console.log,,,,,,,,,,,,,,,,,,,,,,,,,0,62.5219,1
History\epinions\sampling_sweep\steps5_noiseTrue\sampling_sweep_steps5_noiseTrue.console.log,,,,,,,,,,,,,,,,,,,,,,,,,0,61.8136,1
History\epinions\seeds\2023\seed_2023.console.log,epinions,2023,64,2,2,0.001,0.001,0.0001,200,linear-var,0.1,0.0001,0.01,True,0,False,,./Model/epinions/_tem_.pth,seed_2023,Model/epinions/seeds/2023/,20,0.045173,0.033742,5.7941,150,62.0519,30
History\epinions\seeds\2024\seed_2024.console.log,epinions,2024,64,2,2,0.001,0.001,0.0001,200,linear-var,0.1,0.0001,0.01,True,0,False,,./Model/epinions/_tem_.pth,seed_2024,Model/epinions/seeds/2024/,20,0.044949,0.033446,5.3418,150,62.3491,30
History\epinions\seeds\2025\seed_2025.console.log,epinions,2025,64,2,2,0.001,0.001,0.0001,200,linear-var,0.1,0.0001,0.01,True,0,False,,./Model/epinions/_tem_.pth,seed_2025,Model/epinions/seeds/2025/,20,0.045466,0.033498,5.2823,150,61.8524,30
History\epinions\seeds\2026\seed_2026.console.log,epinions,2026,64,2,2,0.001,0.001,0.0001,200,linear-var,0.1,0.0001,0.01,True,0,False,,./Model/epinions/_tem_.pth,seed_2026,Model/epinions/seeds/2026/,20,0.044440,0.032622,5.0689,150,60.4752,30
History\epinions\seeds\2027\seed_2027.console.log,epinions,2027,64,2,2,0.001,0.001,0.0001,200,linear-var,0.1,0.0001,0.01,True,0,False,,./Model/epinions/_tem_.pth,seed_2027,Model/epinions/seeds/2027/,20,0.045220,0.033032,5.2185,150,61.6918,30
History\epinions\sensitivity\lr\0.0001\sens_lr_0.0001.console.log,epinions,2023,64,2,2,0.0001,0.001,0.0001,200,linear-var,0.1,0.0001,0.01,True,0,False,False,./Model/epinions/_tem_.pth,sens_lr_0.0001,Model/epinions/sensitivity/lr/0.0001/,20,0.036657,0.027212,5.0046,150,57.1746,30
History\epinions\sensitivity\lr\0.001\sens_lr_0.001.console.log,epinions,2023,64,2,2,0.001,0.001,0.0001,200,linear-var,0.1,0.0001,0.01,True,0,False,False,./Model/epinions/_tem_.pth,sens_lr_0.001,Model/epinions/sensitivity/lr/0.001/,20,0.045239,0.033785,10.4401,150,105.9115,30
History\epinions\sensitivity\lr\0.005\sens_lr_0.005.console.log,epinions,2023,64,2,2,0.005,0.001,0.0001,200,linear-var,0.1,0.0001,0.01,True,0,False,False,./Model/epinions/_tem_.pth,sens_lr_0.005,Model/epinions/sensitivity/lr/0.005/,20,0.040945,0.029259,15.8966,150,84.1702,30
History\epinions\sensitivity\n_hid\128\sens_n_hid_128.console.log,epinions,2023,128,2,2,0.001,0.001,0.0001,200,linear-var,0.1,0.0001,0.01,True,0,False,,./Model/epinions/_tem_.pth,sens_n_hid_128,Model/epinions/sensitivity/n_hid/128/,20,0.047562,0.034973,7.9569,150,57.5517,30
History\epinions\sensitivity\n_hid\256\sens_n_hid_256.console.log,epinions,2023,256,2,2,0.001,0.001,0.0001,200,linear-var,0.1,0.0001,0.01,True,0,False,,./Model/epinions/_tem_.pth,sens_n_hid_256,Model/epinions/sensitivity/n_hid/256/,20,0.048244,0.035446,15.0058,150,98.6542,30
History\epinions\sensitivity\n_hid\32\sens_n_hid_32.console.log,epinions,2023,32,2,2,0.001,0.001,0.0001,200,linear-var,0.1,0.0001,0.01,True,0,False,,./Model/epinions/_tem_.pth,sens_n_hid_32,Model/epinions/sensitivity/n_hid/32/,20,0.040937,0.030598,4.2249,150,59.0526,30
History\epinions\sensitivity\n_hid\64\sens_n_hid_64.console.log,epinions,2023,64,2,2,0.001,0.001,0.0001,200,linear-var,0.1,0.0001,0.01,True,0,False,,./Model/epinions/_tem_.pth,sens_n_hid_64,Model/epinions/sensitivity/n_hid/64/,20,0.045298,0.033821,9.4776,150,59.0237,30
History\epinions\sensitivity\noise_scale\0.01\sens_noise_scale_0.01.console.log,epinions,2023,64,2,2,0.001,0.001,0.0001,200,linear-var,0.01,0.0001,0.01,True,0,False,,./Model/epinions/_tem_.pth,sens_noise_scale_0.01,Model/epinions/sensitivity/noise_scale/0.01/,20,0.043180,0.031800,9.0198,150,57.3866,30
History\epinions\sensitivity\noise_scale\0.05\sens_noise_scale_0.05.console.log,epinions,2023,64,2,2,0.001,0.001,0.0001,200,linear-var,0.05,0.0001,0.01,True,0,False,,./Model/epinions/_tem_.pth,sens_noise_scale_0.05,Model/epinions/sensitivity/noise_scale/0.05/,20,0.044917,0.033576,7.9536,150,613.4456,30
History\epinions\sensitivity\noise_scale\0.1\sens_noise_scale_0.1.console.log,epinions,2023,64,2,2,0.001,0.001,0.0001,200,linear-var,0.1,0.0001,0.01,True,0,False,,./Model/epinions/_tem_.pth,sens_noise_scale_0.1,Model/epinions/sensitivity/noise_scale/0.1/,20,0.045183,0.033742,10.3227,150,58.1184,30
History\epinions\sensitivity\noise_scale\0.2\sens_noise_scale_0.2.console.log,epinions,2023,64,2,2,0.001,0.001,0.0001,200,linear-var,0.2,0.0001,0.01,True,0,False,,./Model/epinions/_tem_.pth,sens_noise_scale_0.2,Model/epinions/sensitivity/noise_scale/0.2/,20,0.045263,0.033539,9.5901,150,57.5220,30
History\epinions\sensitivity\s_layers\1\sens_s_layers_1.console.log,epinions,2023,64,2,1,0.001,0.001,0.0001,200,linear-var,0.1,0.0001,0.01,True,0,False,False,./Model/epinions/_tem_.pth,sens_s_layers_1,Model/epinions/sensitivity/s_layers/1/,20,0.044677,0.033166,9.3175,150,60.8680,30
History\epinions\sensitivity\s_layers\2\sens_s_layers_2.console.log,epinions,2023,64,2,2,0.001,0.001,0.0001,200,linear-var,0.1,0.0001,0.01,True,0,False,False,./Model/epinions/_tem_.pth,sens_s_layers_2,Model/epinions/sensitivity/s_layers/2/,20,0.045153,0.033731,8.9365,150,57.9770,30
History\epinions\sensitivity\s_layers\3\sens_s_layers_3.console.log,epinions,2023,64,2,3,0.001,0.001,0.0001,200,linear-var,0.1,0.0001,0.01,True,0,False,False,./Model/epinions/_tem_.pth,sens_s_layers_3,Model/epinions/sensitivity/s_layers/3/,20,0.045728,0.033336,7.2150,150,64.3859,30
History\epinions\sensitivity\steps\100\sens_steps_100.console.log,epinions,2023,64,2,2,0.001,0.001,0.0001,100,linear-var,0.1,0.0001,0.01,True,0,False,,./Model/epinions/_tem_.pth,sens_steps_100,Model/epinions/sensitivity/steps/100/,20,0.045626,0.033418,9.1033,150,54.7958,30
History\epinions\sensitivity\steps\10\sens_steps_10.console.log,epinions,2023,64,2,2,0.001,0.001,0.0001,10,linear-var,0.1,0.0001,0.01,True,0,False,,./Model/epinions/_tem_.pth,sens_steps_10,Model/epinions/sensitivity/steps/10/,20,0.042580,0.031729,7.8507,150,54.1521,30
History\epinions\sensitivity\steps\200\sens_steps_200.console.log,epinions,2023,64,2,2,0.001,0.001,0.0001,200,linear-var,0.1,0.0001,0.01,True,0,False,,./Model/epinions/_tem_.pth,sens_steps_200,Model/epinions/sensitivity/steps/200/,20,0.045268,0.033825,9.0184,150,57.1404,30
History\epinions\sensitivity\steps\50\sens_steps_50.console.log,epinions,2023,64,2,2,0.001,0.001,0.0001,50,linear-var,0.1,0.0001,0.01,True,0,False,,./Model/epinions/_tem_.pth,sens_steps_50,Model/epinions/sensitivity/steps/50/,20,0.044319,0.032779,9.0443,150,54.2842,30
History\yelp\ablation\no_diffusion\ablation_no_diffusion.console.log,yelp,2023,64,2,2,0.001,0.0001,0.005,50,linear-var,0.1,0.0001,0.01,True,0,False,,./Model/epinions/_tem_.pth,ablation_no_diffusion,Model/yelp/ablation/no_diffusion/,20,0.060247,0.030848,7.1934,150,120.5467,30
History\yelp\ablation\no_reweight\ablation_no_reweight.console.log,yelp,2023,64,2,2,0.001,0.0001,0.005,50,linear-var,0.1,0.0001,0.01,False,0,False,,./Model/epinions/_tem_.pth,ablation_no_reweight,Model/yelp/ablation/no_reweight/,20,0.058997,0.030237,11.7574,150,121.4064,30
History\yelp\ablation\no_social\ablation_no_social.console.log,yelp,2023,64,2,0,0.001,0.0001,0.005,50,linear-var,0.1,0.0001,0.01,True,0,False,,./Model/epinions/_tem_.pth,ablation_no_social,./Model/yelp/,20,0.052990,0.026843,6.4259,150,129.2289,30
History\yelp\efficiency\n_hid_128\eff_n_hid_128.console.log,yelp,2023,128,2,2,0.001,0.0001,0.005,50,linear-var,0.1,0.0001,0.01,True,0,False,False,./Model/epinions/_tem_.pth,eff_n_hid_128,Model/yelp/efficiency/n_hid_128/,20,0.042604,0.022215,12.8912,5,132.7860,1
History\yelp\efficiency\n_hid_256\eff_n_hid_256.console.log,yelp,2023,256,2,2,0.001,0.0001,0.005,50,linear-var,0.1,0.0001,0.01,True,0,False,False,./Model/epinions/_tem_.pth,eff_n_hid_256,Model/yelp/efficiency/n_hid_256/,20,0.044911,0.022957,24.7602,5,147.4600,1
History\yelp\efficiency\n_hid_32\eff_n_hid_32.console.log,yelp,2023,32,2,2,0.001,0.0001,0.005,50,linear-var,0.1,0.0001,0.01,True,0,False,False,./Model/epinions/_tem_.pth,eff_n_hid_32,Model/yelp/efficiency/n_hid_32/,20,0.033128,0.016863,5.6143,5,116.7885,1
History\yelp\efficiency\n_hid_64\eff_n_hid_64.console.log,yelp,2023,64,2,2,0.001,0.0001,0.005,50,linear-var,0.1,0.0001,0.01,True,0,False,False,./Model/epinions/_tem_.pth,eff_n_hid_64,Model/yelp/efficiency/n_hid_64/,20,0.036334,0.018836,7.7806,5,131.0613,1
History\yelp\efficiency\steps_100\eff_steps_100.console.log,yelp,2023,64,2,2,0.001,0.0001,0.005,100,linear-var,0.1,0.0001,0.01,True,0,False,False,./Model/epinions/_tem_.pth,eff_steps_100,Model/yelp/efficiency/steps_100/,20,0.038294,0.019817,7.6452,5,124.8242,1
History\yelp\efficiency\steps_10\eff_steps_10.console.log,yelp,2023,64,2,2,0.001,0.0001,0.005,10,linear-var,0.1,0.0001,0.01,True,0,False,False,./Model/epinions/_tem_.pth,eff_steps_10,Model/yelp/efficiency/steps_10/,20,0.035239,0.018162,8.4073,5,127.1138,1
History\yelp\efficiency\steps_200\eff_steps_200.console.log,yelp,2023,64,2,2,0.001,0.0001,0.005,200,linear-var,0.1,0.0001,0.01,True,0,False,False,./Model/epinions/_tem_.pth,eff_steps_200,Model/yelp/efficiency/steps_200/,20,0.039452,0.020574,7.6027,5,128.5536,1
History\yelp\efficiency\steps_50\eff_steps_50.console.log,yelp,2023,64,2,2,0.001,0.0001,0.005,50,linear-var,0.1,0.0001,0.01,True,0,False,False,./Model/epinions/_tem_.pth,eff_steps_50,Model/yelp/efficiency/steps_50/,20,0.036262,0.018822,7.6392,5,121.3404,1
History\yelp\sampling_sweep\steps0_noiseFalse\sampling_sweep_steps0_noiseFalse.console.log,,,,,,,,,,,,,,,,,,,,,,,,,0,116.3983,1
History\yelp\sampling_sweep\steps0_noiseTrue\sampling_sweep_steps0_noiseTrue.console.log,,,,,,,,,,,,,,,,,,,,,,,,,0,115.1418,1
History\yelp\sampling_sweep\steps10_noiseFalse\sampling_sweep_steps10_noiseFalse.console.log,,,,,,,,,,,,,,,,,,,,,,,,,0,124.8345,1
History\yelp\sampling_sweep\steps10_noiseTrue\sampling_sweep_steps10_noiseTrue.console.log,,,,,,,,,,,,,,,,,,,,,,,,,0,128.5301,1
History\yelp\sampling_sweep\steps20_noiseFalse\sampling_sweep_steps20_noiseFalse.console.log,,,,,,,,,,,,,,,,,,,,,,,,,0,117.5287,1
History\yelp\sampling_sweep\steps20_noiseTrue\sampling_sweep_steps20_noiseTrue.console.log,,,,,,,,,,,,,,,,,,,,,,,,,0,116.9859,1
History\yelp\sampling_sweep\steps50_noiseFalse\sampling_sweep_steps50_noiseFalse.console.log,,,,,,,,,,,,,,,,,,,,,,,,,0,118.8337,1
History\yelp\sampling_sweep\steps50_noiseTrue\sampling_sweep_steps50_noiseTrue.console.log,,,,,,,,,,,,,,,,,,,,,,,,,0,122.1794,1
History\yelp\sampling_sweep\steps5_noiseFalse\sampling_sweep_steps5_noiseFalse.console.log,,,,,,,,,,,,,,,,,,,,,,,,,0,116.5356,1
History\yelp\sampling_sweep\steps5_noiseTrue\sampling_sweep_steps5_noiseTrue.console.log,,,,,,,,,,,,,,,,,,,,,,,,,0,126.6240,1
History\yelp\seeds\2023\seed_2023.console.log,yelp,2023,64,2,2,0.001,0.0001,0.005,50,linear-var,0.1,0.0001,0.01,True,0,False,,./Model/epinions/_tem_.pth,seed_2023,Model/yelp/seeds/2023/,20,0.060348,0.031374,9.1082,150,122.3744,30
History\yelp\seeds\2024\seed_2024.console.log,yelp,2024,64,2,2,0.001,0.0001,0.005,50,linear-var,0.1,0.0001,0.01,True,0,False,,./Model/epinions/_tem_.pth,seed_2024,Model/yelp/seeds/2024/,20,0.060974,0.031686,8.1420,150,118.5865,30
History\yelp\seeds\2025\seed_2025.console.log,yelp,2025,64,2,2,0.001,0.0001,0.005,50,linear-var,0.1,0.0001,0.01,True,0,False,,./Model/epinions/_tem_.pth,seed_2025,Model/yelp/seeds/2025/,20,0.060184,0.031439,7.6201,150,119.8968,30
History\yelp\seeds\2026\seed_2026.console.log,yelp,2026,64,2,2,0.001,0.0001,0.005,50,linear-var,0.1,0.0001,0.01,True,0,False,,./Model/epinions/_tem_.pth,seed_2026,Model/yelp/seeds/2026/,20,0.060824,0.031542,7.6201,150,120.1837,30
History\yelp\seeds\2027\seed_2027.console.log,yelp,2027,64,2,2,0.001,0.0001,0.005,50,linear-var,0.1,0.0001,0.01,True,0,False,,./Model/epinions/_tem_.pth,seed_2027,Model/yelp/seeds/2027/,20,0.060078,0.031016,8.7087,150,125.1447,30
History\yelp\sensitivity\lr\0.0001\sens_lr_0.0001.console.log,yelp,2023,64,2,2,0.0001,0.0001,0.005,50,linear-var,0.1,0.0001,0.01,True,0,False,,./Model/epinions/_tem_.pth,sens_lr_0.0001,Model/yelp/sensitivity/lr/0.0001/,20,0.055998,0.029471,7.4518,150,119.7520,30
History\yelp\sensitivity\lr\0.001\sens_lr_0.001.console.log,yelp,2023,64,2,2,0.001,0.0001,0.005,50,linear-var,0.1,0.0001,0.01,True,0,False,,./Model/epinions/_tem_.pth,sens_lr_0.001,Model/yelp/sensitivity/lr/0.001/,20,0.060548,0.031409,7.7598,150,121.8003,30
History\yelp\sensitivity\lr\0.005\sens_lr_0.005.console.log,yelp,2023,64,2,2,0.005,0.0001,0.005,50,linear-var,0.1,0.0001,0.01,True,0,False,,./Model/epinions/_tem_.pth,sens_lr_0.005,Model/yelp/sensitivity/lr/0.005/,20,0.060650,0.031351,7.4251,150,121.7716,30
History\yelp\sensitivity\n_hid\128\sens_n_hid_128.console.log,yelp,2023,128,2,2,0.001,0.0001,0.005,50,linear-var,0.1,0.0001,0.01,True,0,False,,./Model/epinions/_tem_.pth,sens_n_hid_128,Model/yelp/sensitivity/n_hid/128/,20,0.062713,0.032732,14.1377,150,130.5943,30
History\yelp\sensitivity\n_hid\256\sens_n_hid_256.console.log,yelp,2023,256,2,2,0.001,0.0001,0.005,50,linear-var,0.1,0.0001,0.01,True,0,False,,./Model/epinions/_tem_.pth,sens_n_hid_256,Model/yelp/sensitivity/n_hid/256/,20,0.061909,0.031940,32.0077,150,142.7084,30
History\yelp\sensitivity\n_hid\32\sens_n_hid_32.console.log,yelp,2023,32,2,2,0.001,0.0001,0.005,50,linear-var,0.1,0.0001,0.01,True,0,False,,./Model/epinions/_tem_.pth,sens_n_hid_32,Model/yelp/sensitivity/n_hid/32/,20,0.056088,0.029241,5.4833,150,112.7508,30
History\yelp\sensitivity\n_hid\64\sens_n_hid_64.console.log,yelp,2023,64,2,2,0.001,0.0001,0.005,50,linear-var,0.1,0.0001,0.01,True,0,False,,./Model/epinions/_tem_.pth,sens_n_hid_64,Model/yelp/sensitivity/n_hid/64/,20,0.060552,0.031385,8.3385,150,122.0420,30
History\yelp\sensitivity\noise_scale\0.01\sens_noise_scale_0.01.console.log,yelp,2023,64,2,2,0.001,0.0001,0.005,50,linear-var,0.01,0.0001,0.01,True,0,False,False,./Model/epinions/_tem_.pth,sens_noise_scale_0.01,Model/yelp/sensitivity/noise_scale/0.01/,20,0.058622,0.030228,8.8622,150,119.0643,30
History\yelp\sensitivity\noise_scale\0.05\sens_noise_scale_0.05.console.log,yelp,2023,64,2,2,0.001,0.0001,0.005,50,linear-var,0.05,0.0001,0.01,True,0,False,False,./Model/epinions/_tem_.pth,sens_noise_scale_0.05,Model/yelp/sensitivity/noise_scale/0.05/,20,0.060112,0.031347,10.0437,150,119.3659,30
History\yelp\sensitivity\noise_scale\0.1\sens_noise_scale_0.1.console.log,yelp,2023,64,2,2,0.001,0.0001,0.005,50,linear-var,0.1,0.0001,0.01,True,0,False,False,./Model/epinions/_tem_.pth,sens_noise_scale_0.1,Model/yelp/sensitivity/noise_scale/0.1/,20,0.060267,0.031361,11.9613,150,119.3328,30
History\yelp\sensitivity\noise_scale\0.2\sens_noise_scale_0.2.console.log,yelp,2023,64,2,2,0.001,0.0001,0.005,50,linear-var,0.2,0.0001,0.01,True,0,False,False,./Model/epinions/_tem_.pth,sens_noise_scale_0.2,Model/yelp/sensitivity/noise_scale/0.2/,20,0.060482,0.031335,12.9071,150,119.4884,30
History\yelp\sensitivity\s_layers\1\sens_s_layers_1.console.log,yelp,2023,64,2,1,0.001,0.0001,0.005,50,linear-var,0.1,0.0001,0.01,True,0,False,,./Model/epinions/_tem_.pth,sens_s_layers_1,Model/yelp/sensitivity/s_layers/1/,20,0.058411,0.030091,7.0059,150,119.2614,30
History\yelp\sensitivity\s_layers\2\sens_s_layers_2.console.log,yelp,2023,64,2,2,0.001,0.0001,0.005,50,linear-var,0.1,0.0001,0.01,True,0,False,,./Model/epinions/_tem_.pth,sens_s_layers_2,Model/yelp/sensitivity/s_layers/2/,20,0.060453,0.031407,7.4052,150,119.4519,30
History\yelp\sensitivity\s_layers\3\sens_s_layers_3.console.log,yelp,2023,64,2,3,0.001,0.0001,0.005,50,linear-var,0.1,0.0001,0.01,True,0,False,,./Model/epinions/_tem_.pth,sens_s_layers_3,Model/yelp/sensitivity/s_layers/3/,20,0.059754,0.031023,8.3028,150,121.0408,30
History\yelp\sensitivity\steps\100\sens_steps_100.console.log,yelp,2023,64,2,2,0.001,0.0001,0.005,100,linear-var,0.1,0.0001,0.01,True,0,False,,./Model/epinions/_tem_.pth,sens_steps_100,Model/yelp/sensitivity/steps/100/,20,0.059677,0.030948,7.6688,150,120.6486,30
History\yelp\sensitivity\steps\10\sens_steps_10.console.log,yelp,2023,64,2,2,0.001,0.0001,0.005,10,linear-var,0.1,0.0001,0.01,True,0,False,,./Model/epinions/_tem_.pth,sens_steps_10,Model/yelp/sensitivity/steps/10/,20,0.060193,0.031761,7.8935,150,118.5120,30
History\yelp\sensitivity\steps\200\sens_steps_200.console.log,yelp,2023,64,2,2,0.001,0.0001,0.005,200,linear-var,0.1,0.0001,0.01,True,0,False,,./Model/epinions/_tem_.pth,sens_steps_200,Model/yelp/sensitivity/steps/200/,20,0.060371,0.030787,7.4899,150,126.2734,30
History\yelp\sensitivity\steps\50\sens_steps_50.console.log,yelp,2023,64,2,2,0.001,0.0001,0.005,50,linear-var,0.1,0.0001,0.01,True,0,False,,./Model/epinions/_tem_.pth,sens_steps_50,Model/yelp/sensitivity/steps/50/,20,0.060675,0.031470,7.6569,150,119.7353,30